Method,Accuracy,F1-Score,Precision,Recall
Isolation Forest,0.6510442713914887,0.4933789717525844,0.7606880130779345,0.3650861333788163
One-Class SVM,0.9142911576290157,0.9097399286078532,0.8921316259776032,0.9280573085451134
LOF,0.9061703698411564,0.8995000510152026,0.8968159777559256,0.9022002387856046
Autoencoder,0.9431783001119287,0.9387356853078622,0.942138537658054,0.935357325601228
Voting Ensemble,0.9129972295650656,0.9017815535720687,0.9500736432644737,0.8581613508442777
Weighted Ensemble,0.9203321346637772,0.9112156973761036,0.946570357300397,0.8784069588947637
Oracle (Theoretical Max),0.9530534320846531,0.9499161599566402,0.9433492565430935,0.9565751321848883
