Attack Type,Count,Isolation Forest,One-Class SVM,LOF,Autoencoder
DoS,45927,0.2588891066257321,0.955625231345396,0.9083763363598755,0.9776384261980969
Normal,67343,0.9000044548059932,0.9023061045691461,0.909626835751303,0.9499873780496859
Probe,11656,0.7742793411118737,0.8604152367879204,0.8930164722031572,0.8380233356211393
R2L,995,0.46331658291457284,0.4592964824120603,0.7417085427135678,0.14773869346733667
U2R,52,0.5576923076923077,0.7115384615384616,0.5769230769230769,0.4807692307692308
